Time,Price
0,1.2546
1,1.2567
2,1.2577
3,1.2579
4,1.2593
5,1.2668
6,1.2695
7,1.2689
8,1.2679
9,1.2679
10,1.2678
11,1.2661
12,1.2724
13,1.2702
14,1.2661
15,1.2672
16,1.2676
17,1.2664
18,1.2662
19,1.2635
20,1.2671
21,1.2714
22,1.2704
23,1.2682
24,1.2686
25,1.2673
26,1.2655
27,1.2661
28,1.2639
29,1.2654
30,1.2636
31,1.2617
32,1.2596
33,1.2583
34,1.2562
35,1.2596
36,1.263
37,1.2634
38,1.2633
39,1.2637
40,1.2629
41,1.2606
42,1.2612
43,1.2602
44,1.259
45,1.262
46,1.2629
47,1.2647
48,1.2657
49,1.2676
50,1.2653
51,1.2703
52,1.2707
53,1.2723
54,1.2705
55,1.2681
56,1.2696
57,1.2711
58,1.2796
59,1.2788
60,1.2775
61,1.2751
62,1.2741
63,1.2688
64,1.2635
65,1.2674
66,1.2681
67,1.2678
68,1.2705
69,1.2714
70,1.2728
71,1.2708
72,1.2704
73,1.2667
74,1.2652
75,1.2677
76,1.2641
77,1.2656
78,1.2656
79,1.2677
80,1.2713
81,1.2761
82,1.2788
83,1.2761
84,1.2781
85,1.2772
86,1.2759
87,1.2784
88,1.2803
89,1.2849
90,1.2834
91,1.2845
92,1.2823
93,1.2804
94,1.2845
95,1.2826
96,1.2826
97,1.2829
98,1.284
99,1.2833
100,1.2766
101,1.275
102,1.276
103,1.2783
104,1.2779
105,1.2807
106,1.2832
107,1.2769
108,1.2772
109,1.2798
110,1.2806
111,1.2838
112,1.2861
113,1.2926
114,1.291
115,1.2899
116,1.2888
117,1.2897
118,1.2922
119,1.2913
120,1.2919
121,1.2924
122,1.2909
123,1.29
124,1.2882
125,1.2913
126,1.2928
127,1.2891
128,1.2895
129,1.288
130,1.2904
131,1.2908
132,1.2913
133,1.2889
134,1.2881
135,1.2901
136,1.2897
137,1.2914
138,1.2929
139,1.2846
140,1.288
141,1.2874
142,1.2914
143,1.2902
144,1.2893
145,1.2898
146,1.2901
147,1.2927
148,1.2946
149,1.2983
150,1.2975
151,1.3044
152,1.3029
153,1.3038
154,1.3027
155,1.3007
156,1.2994
157,1.302
158,1.2997
159,1.2979
160,1.2955
161,1.2966
162,1.2978
163,1.297
164,1.2972
165,1.2976
166,1.2997
167,1.3007
168,1.3002
169,1.3016
170,1.2985
171,1.2984
172,1.299
173,1.2986
174,1.2982
175,1.3001
176,1.2984
177,1.2966
178,1.2943
179,1.2972
180,1.2969
181,1.2997
182,1.2985
183,1.3002
184,1.3012
185,1.3015
186,1.3015
187,1.3035
188,1.3032
189,1.3011
190,1.3027
191,1.3036
192,1.3044
193,1.3031
194,1.3038
195,1.3023
196,1.3009
197,1.2998
198,1.3038
199,1.3046
200,1.3029
201,1.3119
202,1.3128
203,1.3129
204,1.3108
205,1.3127
206,1.312
207,1.3423
208,1.3491
209,1.3476
210,1.3509
211,1.349
212,1.3486
213,1.3452
214,1.3431
215,1.3429
216,1.3453
217,1.3455
218,1.3453
219,1.3427
220,1.3487
221,1.3477
222,1.3483
223,1.3508
224,1.3622
225,1.364
226,1.3641
227,1.3704
228,1.3728
229,1.3701
230,1.3637
231,1.3661
232,1.3673
233,1.3664
234,1.3665
235,1.3654
236,1.3661
237,1.3655
238,1.3615
239,1.3646
240,1.3656
241,1.3658
242,1.3649
243,1.3652
244,1.3715
245,1.3677
246,1.3679
247,1.3574
248,1.3567
249,1.3587
250,1.36136
251,1.35848
252,1.35641
253,1.3572
254,1.35791
255,1.35511
256,1.35654
257,1.36564
258,1.36267
259,1.36283
260,1.36482
261,1.36591
262,1.36647
263,1.36598
264,1.36579
265,1.36845
266,1.37096
267,1.36462
268,1.3641
269,1.36431
270,1.36256
271,1.35786
272,1.35028
273,1.35384
274,1.35641
275,1.35846
276,1.36178
277,1.36276
278,1.36484
279,1.36314
280,1.36192
281,1.36211
282,1.36171
283,1.36631
284,1.36655
285,1.36626
286,1.36514
287,1.36376
288,1.36655
289,1.36301
290,1.36046
291,1.3602
292,1.35816
293,1.35415
294,1.35241
295,1.35243
296,1.35319
297,1.35409
298,1.35214
299,1.35691
300,1.34937
301,1.35168
302,1.34481
303,1.34671
304,1.34691
305,1.34934
306,1.34813
307,1.34643
308,1.34489
309,1.34659
310,1.34855
311,1.34789
312,1.34854
313,1.34645
314,1.34494
315,1.34453
316,1.34784
317,1.35156
318,1.3503
319,1.34997
320,1.36029
321,1.35453
322,1.35376
323,1.35375
324,1.3567
325,1.35619
326,1.35961
327,1.35816
328,1.35781
329,1.35796
330,1.35738
331,1.359
332,1.35948
333,1.35581
334,1.3567
335,1.35643
336,1.35876
337,1.35611
338,1.35784
339,1.35833
340,1.35633
341,1.35796
342,1.36067
343,1.36261
344,1.3565
345,1.35455
346,1.35584
347,1.35399
348,1.3538
349,1.35107
350,1.35147
351,1.35258
352,1.35275
353,1.35328
354,1.35278
355,1.35565
356,1.35556
357,1.35632
358,1.35658
359,1.35743
360,1.35782
361,1.35798
362,1.35643
363,1.35434
364,1.34638
365,1.33988
366,1.33091
367,1.33255
368,1.32994
369,1.33078
370,1.33038
371,1.3285
372,1.32999
373,1.33013
374,1.32972
375,1.32861
376,1.32211
377,1.32673
378,1.32661
379,1.32636
380,1.32614
381,1.32663
382,1.3272
383,1.32312
384,1.3194
385,1.32311
386,1.31781
387,1.31929
388,1.31711
389,1.31676
390,1.31927
391,1.3181
392,1.31355
393,1.31617
394,1.31436
395,1.31644
396,1.31436
397,1.31606
398,1.3195
399,1.31976
400,1.32012
401,1.31831
402,1.31882
403,1.321
404,1.32402
405,1.32395
406,1.32566
407,1.32422
408,1.32227
409,1.32394
410,1.32768
411,1.32711
412,1.32906
413,1.33299
414,1.32998
415,1.33276
416,1.33081
417,1.32813
418,1.32595
419,1.32277
420,1.32676
421,1.32819
422,1.32833
423,1.32491
424,1.32416
425,1.32446
426,1.32561
427,1.31779
428,1.32202
429,1.32197
430,1.32091
431,1.3204
432,1.31865
433,1.31929
434,1.31953
435,1.32009
436,1.32276
437,1.32568
438,1.32511
439,1.32626
440,1.32496
441,1.32281
442,1.32212
443,1.32086
444,1.32046
445,1.32315
446,1.32306
447,1.32473
448,1.32336
449,1.32382
450,1.32411
451,1.32635
452,1.32763
453,1.32731
454,1.32726
455,1.32684
456,1.32731
457,1.32818
458,1.32526
459,1.32765
460,1.32992
461,1.33596
462,1.33606
463,1.34411
464,1.34505
465,1.34416
466,1.34566
467,1.3483
468,1.34703
469,1.34432
470,1.34416
471,1.3462
472,1.34641
473,1.34626
474,1.34721
475,1.34586
476,1.34351
477,1.34468
478,1.34402
479,1.34275
480,1.34218
481,1.34162
482,1.34301
483,1.34602
484,1.3445
485,1.34303
486,1.34364
487,1.33992
488,1.34116
489,1.34232
490,1.34456
491,1.34411
492,1.3442
493,1.34857
494,1.34861
495,1.35142
496,1.35291
497,1.35351
498,1.35431
499,1.35551
500,1.35578
501,1.35705
502,1.35607
503,1.35539
504,1.35277
505,1.35301
506,1.35321
507,1.35091
508,1.35236
509,1.35026
510,1.34735
511,1.34536
512,1.3405
513,1.33621
514,1.33892
515,1.34056
516,1.33923
517,1.34059
518,1.34151
519,1.33997
520,1.34038
521,1.33219
522,1.33421
523,1.33625
524,1.33638
525,1.3362
526,1.3379
527,1.33646
528,1.33831
529,1.33557
530,1.33336
531,1.32768
532,1.32385
533,1.32549
534,1.32778
535,1.32581
536,1.32726
537,1.328
538,1.327
539,1.32632
540,1.32546
541,1.32656
542,1.32719
543,1.32674
544,1.32807
545,1.3268
546,1.32026
547,1.32176
548,1.31852
549,1.31988
550,1.31779
551,1.31796
552,1.31665
553,1.31874
554,1.31994
555,1.32116
556,1.32498
557,1.32156
558,1.32622
559,1.32551
560,1.32281
561,1.32869
562,1.32964
563,1.32722
564,1.32325
565,1.32541
566,1.32808
567,1.32657
568,1.32493
569,1.32513
570,1.32397
571,1.32417
572,1.3253
573,1.32633
574,1.3262
575,1.32656
576,1.33147
577,1.33135
578,1.32993
579,1.32978
580,1.32777
581,1.32425
582,1.32708
583,1.32709
584,1.32056
585,1.31476
586,1.31437
587,1.31657
588,1.31601
589,1.31593
590,1.31677
591,1.31576
592,1.31534
593,1.31201
594,1.31106
595,1.31228
596,1.31301
597,1.31346
598,1.31334
599,1.31432
600,1.31325
601,1.31276
602,1.31345
603,1.31428
604,1.31455
605,1.31364
606,1.31396
607,1.31386
608,1.31361
609,1.31415
610,1.31406
611,1.31461
612,1.31546
613,1.31752
614,1.31898
615,1.31776
616,1.31524
617,1.31431
618,1.31481
619,1.31601
620,1.31651
621,1.31696
622,1.31712
623,1.31972
624,1.32016
625,1.32103
626,1.31906
627,1.32031
628,1.32182
629,1.32812
630,1.32689
631,1.33186
632,1.33527
633,1.33591
634,1.33651
635,1.3358
636,1.33747
637,1.33671
638,1.33676
639,1.33656
640,1.33745
641,1.33261
642,1.33166
643,1.33166
644,1.33281
645,1.33458
646,1.33388
647,1.32992
648,1.32882
649,1.32806
650,1.33011
651,1.32824
652,1.3276
653,1.32396
654,1.32724
655,1.32544
656,1.3275
657,1.32795
658,1.32735
659,1.329
660,1.32741
661,1.32575
662,1.32611
663,1.32715
664,1.32668
665,1.32419
666,1.32433
667,1.32377
668,1.32435
669,1.32536
670,1.3248
671,1.32135
672,1.32267
673,1.32534
674,1.32509
675,1.32685
676,1.31862
677,1.31811
678,1.31765
679,1.31772
680,1.31801
681,1.32281
682,1.31975
683,1.31878
684,1.32218
685,1.32262
686,1.32122
687,1.32252
688,1.32223
689,1.32641
690,1.32418
691,1.32051
692,1.32171
693,1.32008
694,1.31823
695,1.31725
696,1.31631
697,1.31665
698,1.31523
699,1.31597
700,1.31951
701,1.32178
702,1.32061
703,1.31882
704,1.31918
705,1.31953
706,1.31483
707,1.31709
708,1.31681
709,1.31852
710,1.31796
711,1.31791
712,1.31855
713,1.31546
714,1.31505
715,1.31113
716,1.31176
717,1.3088
718,1.31033
719,1.30973
720,1.30894
721,1.30695
722,1.3089
723,1.30669
724,1.30676
725,1.30464
726,1.30529
727,1.30437
728,1.30294
729,1.30401
730,1.30433
731,1.30255
732,1.30249
733,1.30406
734,1.30461
735,1.3007
736,1.29845
737,1.29785
738,1.29933
739,1.30016
740,1.30164
741,1.29976
742,1.29895
743,1.29846
744,1.29614
745,1.29559
746,1.29608
747,1.29652
748,1.29783
749,1.2923
750,1.29205
751,1.29018
752,1.29301
753,1.29244
754,1.29218
755,1.29239
756,1.29203
757,1.29247
758,1.29263
759,1.29037
760,1.29126
761,1.29193
762,1.2933
763,1.29366
764,1.29456
765,1.29481
766,1.29032
767,1.29386
768,1.29561
769,1.29535
770,1.29346
771,1.29231
772,1.29337
773,1.29639
774,1.29527
775,1.29767
776,1.29637
777,1.29562
778,1.29278
779,1.29385
780,1.29486
781,1.29455
782,1.29323
783,1.29355
784,1.29209
785,1.29294
786,1.29341
787,1.29256
788,1.29326
789,1.29331
790,1.29155
791,1.29262
792,1.29206
793,1.29445
794,1.2943
795,1.29585
796,1.29497
797,1.29969
798,1.30138
799,1.30106
800,1.2998
801,1.30002
802,1.30175
803,1.29938
804,1.30048
805,1.30021
806,1.30017
807,1.3007
808,1.29925
809,1.29928
810,1.29856
811,1.29983
812,1.30065
813,1.3026
814,1.30251
815,1.30069
816,1.30416
817,1.30674
818,1.30462
819,1.30583
820,1.30373
821,1.3008
822,1.30458
823,1.30462
824,1.30722
825,1.30918
826,1.31139
827,1.31396
828,1.31425
829,1.31335
830,1.31391
831,1.31251
832,1.31289
833,1.31337
834,1.31531
835,1.31458
836,1.31421
837,1.31775
838,1.31751
839,1.31901
840,1.32442
841,1.32258
842,1.32443
843,1.32389
844,1.32427
845,1.32649
846,1.32498
847,1.32762
848,1.32733
849,1.3251
850,1.32487
851,1.32413
852,1.32401
853,1.32236
854,1.32176
855,1.31957
856,1.31859
857,1.31635
858,1.31644
859,1.3167
860,1.3163
861,1.3128
862,1.31656
863,1.31666
864,1.31387
865,1.31287
866,1.31388
867,1.31121
868,1.30997
869,1.31268
870,1.31341
871,1.31247
872,1.30052
873,1.30197
874,1.30314
875,1.30366
876,1.30171
877,1.30169
878,1.30226
879,1.30178
880,1.30234
881,1.30094
882,1.30228
883,1.29902
884,1.30058
885,1.30033
886,1.30236
887,1.30067
888,1.30191
889,1.30031
890,1.29923
891,1.30358
892,1.30459
893,1.30766
894,1.30592
895,1.31107
896,1.31187
897,1.31453
898,1.31421
899,1.31481
900,1.31354
901,1.31281
902,1.31302
903,1.31522
904,1.3147
905,1.31588
906,1.31858
907,1.31705
908,1.31859
909,1.31807
910,1.31832
911,1.32223
912,1.32403
913,1.32466
914,1.32669
915,1.3247
916,1.32553
917,1.32675
918,1.33229
919,1.33239
920,1.33241
921,1.32933
922,1.32483
923,1.32741
924,1.32553
925,1.32621
926,1.32655
927,1.32961
928,1.33051
929,1.33131
930,1.33103
931,1.32838
932,1.33067
933,1.33619
934,1.33757
935,1.33358
936,1.32951
937,1.32811
938,1.32862
939,1.32311
940,1.32128
941,1.3241
942,1.32424
943,1.32083
944,1.32432
945,1.32618
946,1.32291
947,1.32296
948,1.32235
949,1.32326
950,1.32435
951,1.32462
952,1.32505
953,1.32491
954,1.32527
955,1.32645
956,1.32697
957,1.3291
958,1.32803
959,1.32614
960,1.3248
961,1.33131
962,1.32855
963,1.32606
964,1.32663
965,1.32518
966,1.3265
967,1.32562
968,1.32596
969,1.3266
970,1.32644
971,1.32818
972,1.32793
973,1.32883
974,1.3316
975,1.33337
976,1.33396
977,1.33215
978,1.33219
979,1.33096
980,1.33168
981,1.33074
982,1.32881
983,1.32609
984,1.32438
985,1.32392
986,1.3247
987,1.32956
988,1.33429
989,1.33642
990,1.33732
991,1.3387
992,1.33722
993,1.34018
994,1.34053
995,1.3416
996,1.34161
997,1.34155
998,1.3385
999,1.33874
1000,1.34002
1001,1.33694
1002,1.33644
1003,1.33822
1004,1.33394
1005,1.33378
1006,1.33676
1007,1.33677
1008,1.33947
1009,1.34023
1010,1.3431
1011,1.33878
1012,1.33457
1013,1.33732
1014,1.33561
1015,1.33361
1016,1.33114
1017,1.3323
1018,1.33288
1019,1.33111
1020,1.33133
1021,1.33035
1022,1.3304
1023,1.32624
1024,1.3273
1025,1.32742
1026,1.32618
1027,1.32828
1028,1.32881
1029,1.33046
1030,1.33111
1031,1.33117
1032,1.33147
1033,1.33163
1034,1.33593
1035,1.33041
1036,1.32997
1037,1.33113
1038,1.33028
1039,1.33008
1040,1.33489
1041,1.33303
1042,1.33334
1043,1.33119
1044,1.33125
1045,1.32997
1046,1.32878
1047,1.33146
1048,1.33018
1049,1.32848
1050,1.3301
1051,1.33032
1052,1.32736
1053,1.3254
1054,1.32956
1055,1.33199
1056,1.33226
1057,1.33576
1058,1.33782
1059,1.34304
1060,1.34116
1061,1.34095
1062,1.33956
1063,1.33661
1064,1.33716
1065,1.33832
1066,1.33902
1067,1.33857
1068,1.33931
1069,1.33856
1070,1.33579
1071,1.33602
1072,1.33619
1073,1.33732
1074,1.33916
1075,1.34032
1076,1.34189
1077,1.33958
1078,1.34156
1079,1.33969
1080,1.34006
1081,1.34181
1082,1.34933
1083,1.34902
1084,1.34834
1085,1.34922
1086,1.35504
1087,1.35893
1088,1.36201
1089,1.36251
1090,1.36545
1091,1.36203
1092,1.3632
1093,1.3629
1094,1.36316
1095,1.36613
1096,1.36555
1097,1.36493
1098,1.36257
1099,1.36358
1100,1.36075
1101,1.36032
1102,1.35899
1103,1.35886
1104,1.35767
1105,1.35903
1106,1.35866
1107,1.36223
1108,1.3618
1109,1.35981
1110,1.35896
1111,1.35963
1112,1.35822
1113,1.3582
1114,1.35775
1115,1.35883
1116,1.35839
1117,1.35833
1118,1.35757
1119,1.36008
1120,1.35984
1121,1.35953
1122,1.36169
1123,1.36058
1124,1.365
1125,1.36477
1126,1.36561
1127,1.36387
1128,1.36915
1129,1.36585
1130,1.36518
1131,1.36448
1132,1.36363
1133,1.36042
1134,1.36211
1135,1.36399
1136,1.36376
1137,1.36474
1138,1.36442
1139,1.36441
1140,1.36762
1141,1.36955
1142,1.36797
1143,1.36926
1144,1.36885
1145,1.36698
1146,1.37038
1147,1.36798
1148,1.36998
1149,1.36862
1150,1.36505
1151,1.36547
1152,1.36228
1153,1.36136
1154,1.35953
1155,1.36044
1156,1.36109
1157,1.36081
1158,1.35949
1159,1.36099
1160,1.35807
1161,1.35996
1162,1.35903
1163,1.35902
1164,1.35394
1165,1.35639
1166,1.35663
1167,1.35666
1168,1.35529
1169,1.35626
1170,1.35668
1171,1.35685
1172,1.35929
1173,1.36041
1174,1.35924
1175,1.35632
1176,1.35655
1177,1.35576
1178,1.35919
1179,1.35869
1180,1.36068
1181,1.3617
1182,1.36235
1183,1.36503
1184,1.36359
1185,1.36389
1186,1.36333
1187,1.36334
1188,1.36305
1189,1.36356
1190,1.36256
1191,1.36296
1192,1.36359
1193,1.36368
1194,1.36277
1195,1.35982
1196,1.36046
1197,1.35547
1198,1.35591
1199,1.35501
1200,1.35173
1201,1.35547
1202,1.35971
1203,1.35929
1204,1.35377
1205,1.35373
1206,1.34836
1207,1.34738
1208,1.34894
1209,1.34836
1210,1.34768
1211,1.34531
1212,1.34403
1213,1.34299
1214,1.34341
1215,1.34398
1216,1.34476
1217,1.34607
1218,1.34511
1219,1.34621
1220,1.34517
1221,1.3471
1222,1.34696
1223,1.34947
1224,1.34907
1225,1.34944
1226,1.34909
1227,1.35021
1228,1.35431
1229,1.35237
1230,1.35331
1231,1.35517
1232,1.35607
1233,1.35552
1234,1.3557
1235,1.35502
1236,1.3537
1237,1.35423
1238,1.35583
1239,1.35695
1240,1.35655
1241,1.35598
1242,1.35864
1243,1.36112
1244,1.36363
1245,1.36273
1246,1.3633
1247,1.36256
1248,1.35898
1249,1.35742
1250,1.36114
1251,1.36064
1252,1.36022
1253,1.36271
1254,1.36532
1255,1.36361
1256,1.36303
1257,1.36272
1258,1.36303
1259,1.36427
1260,1.36133
1261,1.35932
1262,1.35988
1263,1.36149
1264,1.36121
1265,1.35915
1266,1.36111
1267,1.36305
1268,1.36544
1269,1.3638
1270,1.36691
1271,1.36876
1272,1.36726
1273,1.37862
1274,1.37826
1275,1.37639
1276,1.37591
1277,1.37945
1278,1.38048
1279,1.37687
1280,1.37798
1281,1.3763
1282,1.37719
1283,1.37822
1284,1.37684
1285,1.37821
1286,1.38042
1287,1.379
1288,1.37701
1289,1.37708
1290,1.37846
1291,1.37787
1292,1.37704
1293,1.37962
1294,1.37858
1295,1.37581
1296,1.37405
1297,1.37539
1298,1.3768
1299,1.38024
1300,1.38933
1301,1.38959
1302,1.3889
1303,1.39034
1304,1.38898
1305,1.39027
1306,1.39036
1307,1.39397
1308,1.39536
1309,1.39297
1310,1.39408
1311,1.39284
1312,1.39248
1313,1.39067
1314,1.39506
1315,1.39314
1316,1.39566
1317,1.39498
1318,1.39777
1319,1.39812
1320,1.39777
1321,1.3997
1322,1.39888
1323,1.40033
1324,1.40184
1325,1.40395
1326,1.40113
1327,1.40011
1328,1.40281
1329,1.40221
1330,1.40254
1331,1.40053
1332,1.3991
1333,1.39901
1334,1.39871
1335,1.39907
1336,1.40148
1337,1.39955
1338,1.39848
1339,1.39709
1340,1.39793
1341,1.39885
1342,1.39992
1343,1.39939
1344,1.39937
1345,1.40062
1346,1.40019
1347,1.40095
1348,1.40159
1349,1.40151
1350,1.40113
1351,1.40164
1352,1.40133
1353,1.4004
1354,1.40083
1355,1.3986
1356,1.39651
1357,1.39769
1358,1.3971
1359,1.39807
1360,1.39968
1361,1.39456
1362,1.39381
1363,1.38897
1364,1.38923
1365,1.38686
1366,1.38966
1367,1.39231
1368,1.39321
1369,1.39865
1370,1.39903
1371,1.39819
1372,1.39882
1373,1.39838
1374,1.39789
1375,1.39839
1376,1.39894
1377,1.39902
1378,1.39915
1379,1.39805
1380,1.39665
1381,1.39687
1382,1.39763
1383,1.3974
1384,1.39343
1385,1.39535
1386,1.39823
1387,1.39663
1388,1.39468
1389,1.39509
1390,1.39042
1391,1.39421
1392,1.39586
1393,1.39282
1394,1.39228
1395,1.39216
1396,1.39069
1397,1.39179
1398,1.38979
1399,1.38251
1400,1.38353
1401,1.38308
1402,1.38318
1403,1.38436
1404,1.38504
1405,1.38389
1406,1.38181
1407,1.38141
1408,1.38287
1409,1.3833
1410,1.3879
1411,1.38577
1412,1.38732
1413,1.38814
1414,1.3856
1415,1.38667
1416,1.39411
1417,1.3942
1418,1.39466
1419,1.39175
1420,1.39354
1421,1.39623
1422,1.39418
1423,1.39408
1424,1.39325
1425,1.39292
1426,1.39472
1427,1.3954
1428,1.39949
1429,1.39791
1430,1.39833
1431,1.39846
1432,1.40077
1433,1.40042
1434,1.39992
1435,1.40227
1436,1.40756
1437,1.4099
1438,1.40966
1439,1.41056
1440,1.40958
1441,1.41537
1442,1.41249
1443,1.41184
1444,1.41168
1445,1.41341
1446,1.41359
1447,1.41322
1448,1.41177
1449,1.41046
1450,1.41168
1451,1.41446
1452,1.41511
1453,1.41435
1454,1.41396
1455,1.41288
1456,1.41909
1457,1.42181
1458,1.42251
1459,1.42393
1460,1.4229
1461,1.41978
1462,1.42002
1463,1.41976
1464,1.41574
1465,1.41902
1466,1.41841
1467,1.42225
1468,1.417
1469,1.41563
1470,1.41587
1471,1.41515
1472,1.41617
1473,1.418
1474,1.41558
1475,1.41552
1476,1.41591
1477,1.41685
1478,1.41646
1479,1.41422
1480,1.4128
1481,1.41206
1482,1.41159
1483,1.41623
1484,1.42313
1485,1.42642
1486,1.4242
1487,1.42568
1488,1.42984
1489,1.42689
1490,1.42899
1491,1.43138
1492,1.43183
1493,1.43209
1494,1.43024
1495,1.43066
1496,1.43063
1497,1.42884
1498,1.42905
1499,1.42827
1500,1.42953
1501,1.43058
1502,1.43174
1503,1.43052
1504,1.43139
1505,1.42601
1506,1.42233
1507,1.42251
1508,1.42392
1509,1.4203
1510,1.41764
1511,1.41731
1512,1.4187
1513,1.41919
1514,1.41258
1515,1.41479
1516,1.4134
1517,1.41512
1518,1.41621
1519,1.41448
1520,1.41535
1521,1.41415
1522,1.41671
1523,1.41681
1524,1.41804
1525,1.41672
1526,1.41561
1527,1.41697
1528,1.42147
1529,1.42298
1530,1.42181
1531,1.41889
1532,1.41671
1533,1.40781
1534,1.4164
1535,1.41349
1536,1.4188
1537,1.41858
1538,1.41688
1539,1.41992
1540,1.41769
1541,1.41816
1542,1.41824
1543,1.41758
1544,1.41747
1545,1.41668
1546,1.41837
1547,1.41966
1548,1.42038
1549,1.42002
1550,1.41902
1551,1.4192
1552,1.42115
1553,1.41872
1554,1.41848
1555,1.41692
1556,1.41746
1557,1.4183
1558,1.41078
1559,1.40251
1560,1.40072
1561,1.39888
1562,1.40183
1563,1.39939
1564,1.39617
1565,1.39636
1566,1.39434
1567,1.39373
1568,1.39747
1569,1.39727
1570,1.3991
1571,1.39869
1572,1.39829
1573,1.39893
1574,1.39605
1575,1.39553
1576,1.38931
1577,1.38712
1578,1.38098
1579,1.38237
1580,1.38584
1581,1.3869
1582,1.38499
1583,1.38591
1584,1.38824
1585,1.38985
1586,1.39046
1587,1.38921
1588,1.39084
1589,1.38993
1590,1.39032
1591,1.39011
1592,1.39283
1593,1.39163
1594,1.39028
1595,1.38733
1596,1.38701
1597,1.38688
1598,1.38952
1599,1.3916
1600,1.39413
1601,1.39343
1602,1.38961
1603,1.38775
1604,1.3965
1605,1.3989
1606,1.39784
1607,1.40038
1608,1.40131
1609,1.40274
1610,1.40353
1611,1.40778
1612,1.40786
1613,1.40641
1614,1.40746
1615,1.40576
1616,1.4062
1617,1.40678
1618,1.40632
1619,1.40684
1620,1.40731
1621,1.40901
1622,1.41089
1623,1.40713
1624,1.41259
1625,1.41315
1626,1.40856
1627,1.40755
1628,1.41028
1629,1.40593
1630,1.4032
1631,1.40066
1632,1.39814
1633,1.39903
1634,1.39341
1635,1.39677
1636,1.39918
1637,1.39831
1638,1.39661
1639,1.39816
1640,1.3988
1641,1.40061
1642,1.40261
1643,1.40334
1644,1.40275
1645,1.40515
1646,1.40311
1647,1.40174
1648,1.39936
1649,1.40348
1650,1.40312
1651,1.40006
1652,1.3988
1653,1.39825
1654,1.40373
1655,1.40703
1656,1.40919
1657,1.40943
1658,1.41306
1659,1.41278
1660,1.41056
1661,1.41078
1662,1.40954
1663,1.41072
1664,1.41243
1665,1.41061
1666,1.41024
1667,1.41188
1668,1.40982
1669,1.40751
1670,1.40744
1671,1.41024
1672,1.40646
1673,1.40544
1674,1.40351
1675,1.40339
1676,1.40004
1677,1.39754
1678,1.39525
1679,1.39955
1680,1.40386
1681,1.40227
1682,1.40253
1683,1.40095
1684,1.39975
1685,1.39876
1686,1.39837
1687,1.39766
1688,1.39754
1689,1.39613
1690,1.39677
1691,1.39557
1692,1.3946
1693,1.39091
1694,1.38959
1695,1.38715
1696,1.38785
1697,1.38724
1698,1.38646
1699,1.38544
1700,1.38744
1701,1.38402
1702,1.38337
1703,1.37828
1704,1.37841
1705,1.37707
1706,1.37863
1707,1.37949
1708,1.38025
1709,1.37866
1710,1.37831
1711,1.37738
1712,1.37629
1713,1.37989
1714,1.38028
1715,1.37991
1716,1.38029
1717,1.38297
1718,1.38478
1719,1.38586
1720,1.38842
1721,1.38855
1722,1.38751
1723,1.39073
1724,1.38959
1725,1.38642
1726,1.38891
1727,1.38778
1728,1.38423
1729,1.38439
1730,1.38441
1731,1.38362
1732,1.38363
1733,1.38349
1734,1.38276
1735,1.38152
1736,1.38346
1737,1.38413
1738,1.38427
1739,1.38654
1740,1.38627
1741,1.38803
1742,1.39151
1743,1.38961
1744,1.38661
1745,1.38759
1746,1.38481
1747,1.38259
1748,1.38862
1749,1.38703
1750,1.38643
1751,1.38486
1752,1.38685
1753,1.39074
1754,1.39627
1755,1.39505
1756,1.39418
1757,1.39423
1758,1.39351
1759,1.39676
1760,1.39503
1761,1.3946
1762,1.39571
1763,1.39578
1764,1.39276
1765,1.39396
1766,1.39608
1767,1.39473
1768,1.39151
1769,1.39584
1770,1.39278
1771,1.39107
1772,1.39528
1773,1.3983
1774,1.39612
1775,1.39773
1776,1.39699
1777,1.39126
1778,1.39003
1779,1.38891
1780,1.38996
1781,1.39049
1782,1.39121
1783,1.3908
1784,1.39114
1785,1.3906
1786,1.39117
1787,1.39196
1788,1.39161
1789,1.39351
1790,1.39238
1791,1.39331
1792,1.38927
1793,1.39137
1794,1.39325
1795,1.39264
1796,1.39181
1797,1.39219
1798,1.39247
1799,1.39962
1800,1.39623
1801,1.39741
1802,1.39557
1803,1.39436
1804,1.39487
1805,1.39401
1806,1.39353
1807,1.39029
1808,1.39033
1809,1.391
1810,1.39072
1811,1.39106
1812,1.39067
1813,1.38614
1814,1.38836
1815,1.38677
1816,1.38599
1817,1.38391
1818,1.38445
1819,1.38409
1820,1.3845
1821,1.38813
1822,1.3844
1823,1.38736
1824,1.38777
1825,1.38681
1826,1.38628
1827,1.3864
1828,1.38561
1829,1.38624
1830,1.38489
1831,1.38375
1832,1.38539
1833,1.38426
1834,1.38612
1835,1.38647
1836,1.38347
1837,1.38647
1838,1.38951
1839,1.39101
1840,1.39259
1841,1.39608
1842,1.39673
1843,1.39977
1844,1.40179
1845,1.40091
1846,1.40335
1847,1.40908
1848,1.40775
1849,1.40823
1850,1.40768
1851,1.4076
1852,1.40743
1853,1.40719
1854,1.40691
1855,1.40798
1856,1.40809
1857,1.40857
1858,1.40867
1859,1.40954
1860,1.4081
1861,1.41315
1862,1.41113
1863,1.40953
1864,1.40978
1865,1.40701
1866,1.40209
1867,1.40765
1868,1.40301
1869,1.40308
1870,1.40135
1871,1.39857
1872,1.39841
1873,1.3923
1874,1.39419
1875,1.39283
1876,1.39292
1877,1.39388
1878,1.39418
1879,1.39609
1880,1.39498
1881,1.39588
1882,1.39672
1883,1.39636
1884,1.39634
1885,1.397
1886,1.39527
1887,1.39732
1888,1.39438
1889,1.39324
1890,1.39297
1891,1.39021
1892,1.39372
1893,1.39039
1894,1.39507
1895,1.3941
1896,1.39927
1897,1.39889
1898,1.39883
1899,1.39871
1900,1.39944
1901,1.39849
1902,1.401
1903,1.40292
1904,1.4044
1905,1.40362
1906,1.40417
1907,1.40606
1908,1.40369
1909,1.40307
1910,1.40401
1911,1.40434
1912,1.40744
1913,1.40848
1914,1.40902
1915,1.40779
1916,1.40682
1917,1.4068
1918,1.40539
1919,1.40908
1920,1.40684
1921,1.40766
1922,1.40686
1923,1.40616
1924,1.40602
1925,1.40692
1926,1.4031
1927,1.40217
1928,1.40034
1929,1.40273
1930,1.40258
1931,1.40158
1932,1.40108
1933,1.40176
1934,1.40083
1935,1.40213
1936,1.40489
1937,1.40586
1938,1.4063
1939,1.40439
1940,1.40581
1941,1.40575
1942,1.4072
1943,1.41004
1944,1.40838
1945,1.40798
1946,1.40816
1947,1.40724
1948,1.40843
1949,1.40979
1950,1.41171
1951,1.4118
1952,1.41235
1953,1.41089
1954,1.41048
1955,1.41077
1956,1.41257
1957,1.41078
1958,1.40962
1959,1.41209
1960,1.41216
1961,1.41377
1962,1.40999
1963,1.40849
1964,1.40259
1965,1.40187
1966,1.40491
1967,1.4026
1968,1.40427
1969,1.40281
1970,1.40323
1971,1.4036
1972,1.40372
1973,1.404
1974,1.40324
1975,1.40121
1976,1.40321
1977,1.40345
1978,1.40336
1979,1.40267
1980,1.40611
1981,1.40781
1982,1.40739
1983,1.40654
1984,1.40615
1985,1.4069
1986,1.41348
1987,1.41446
1988,1.41299
1989,1.4165
1990,1.41607
1991,1.41715
1992,1.4148
1993,1.41415
1994,1.41404
1995,1.41475
1996,1.4135
1997,1.41451
1998,1.4127
1999,1.41318
2000,1.4116
2001,1.4113
2002,1.41101
2003,1.41119
2004,1.41002
2005,1.40901
2006,1.40944
2007,1.4086
2008,1.4067
2009,1.40715
2010,1.40448
2011,1.4027
2012,1.40174
2013,1.40161
2014,1.4012
2015,1.40255
2016,1.40257
2017,1.3999
2018,1.40022
2019,1.39494
2020,1.39573
2021,1.39617
2022,1.39681
2023,1.3989
2024,1.39889
2025,1.39819
2026,1.3991
2027,1.39991
2028,1.4023
2029,1.40102
2030,1.39934
2031,1.3993
2032,1.39878
2033,1.40042
2034,1.40033
2035,1.4004
2036,1.40011
2037,1.39893
2038,1.39858
2039,1.39836
2040,1.39758
2041,1.39762
2042,1.39551
2043,1.39568
2044,1.39604
2045,1.39693
2046,1.39752
2047,1.39685
2048,1.3969
2049,1.39793
2050,1.39758
2051,1.39363
2052,1.39346
2053,1.39285
2054,1.39058
2055,1.38869
2056,1.38941
2057,1.39169
2058,1.39324
2059,1.3921
2060,1.39367
2061,1.39313
2062,1.39564
2063,1.39598
2064,1.39784
2065,1.39823
2066,1.39736
2067,1.39746
2068,1.39922
2069,1.39705
2070,1.39531
2071,1.39628
2072,1.39771
2073,1.39808
2074,1.39522
2075,1.39343
2076,1.39255
2077,1.39682
2078,1.39841
2079,1.4013
2080,1.40272
2081,1.40191
2082,1.3985
2083,1.4
2084,1.39634
2085,1.39441
2086,1.39418
2087,1.39278
2088,1.39109
2089,1.39229
2090,1.39198
2091,1.3915
2092,1.38972
2093,1.39025
2094,1.38962
2095,1.39066
2096,1.39036
2097,1.39158
2098,1.39149
2099,1.38898
2100,1.38876
2101,1.39012
2102,1.39258
2103,1.39201
2104,1.39084
2105,1.38919
2106,1.39046
2107,1.38956
2108,1.38516
2109,1.38504
2110,1.38494
2111,1.3851
2112,1.3879
2113,1.3883
2114,1.3873
2115,1.388
2116,1.38618
2117,1.38869
2118,1.39096
2119,1.39027
2120,1.38964
2121,1.39046
2122,1.39208
2123,1.39378
2124,1.39611
2125,1.39551
2126,1.39744
2127,1.39599
2128,1.3982
2129,1.39978
2130,1.39588
2131,1.39776
2132,1.40253
2133,1.40488
2134,1.40413
2135,1.40341
2136,1.40316
2137,1.40191
2138,1.40224
2139,1.40238
2140,1.40097
2141,1.39937
2142,1.3989
2143,1.39714
2144,1.39772
2145,1.39826
2146,1.39593
2147,1.3945
2148,1.39118
2149,1.39099
2150,1.38859
2151,1.39001
2152,1.39156
2153,1.39272
2154,1.39218
2155,1.39403
2156,1.39249
2157,1.39558
2158,1.39526
2159,1.39473
2160,1.39476
2161,1.39461
2162,1.39658
2163,1.39729
2164,1.39735
2165,1.39595
2166,1.39392
2167,1.39281
2168,1.39186
2169,1.39144
2170,1.39251
2171,1.39502
2172,1.39425
2173,1.39455
2174,1.39813
2175,1.39706
2176,1.39626
2177,1.39293
2178,1.39484
2179,1.39706
2180,1.39644
2181,1.39646
2182,1.39716
2183,1.39959
2184,1.39769
2185,1.39872
2186,1.39852
2187,1.40034
2188,1.39802
2189,1.3982
2190,1.39616
2191,1.39831
2192,1.3983
2193,1.39907
2194,1.39728
2195,1.39871
2196,1.39946
2197,1.39751
2198,1.39769
2199,1.39924
2200,1.39634
2201,1.39717
2202,1.39426
2203,1.39702
2204,1.39549
2205,1.39187
2206,1.39361
2207,1.39371
2208,1.39671
2209,1.39725
2210,1.39697
2211,1.39791
2212,1.39813
2213,1.39829
2214,1.3985
2215,1.39819
2216,1.3986
2217,1.39991
2218,1.40562
2219,1.40492
2220,1.40454
2221,1.40583
2222,1.40773
2223,1.40759
2224,1.40927
2225,1.40908
2226,1.40834
2227,1.41148
2228,1.40929
2229,1.41177
2230,1.41275
2231,1.41064
2232,1.41065
2233,1.41009
2234,1.41009
2235,1.40928
2236,1.40766
2237,1.40842
2238,1.40684
2239,1.4072
2240,1.40699
2241,1.40776
2242,1.40639
2243,1.40908
2244,1.40798
2245,1.40841
2246,1.41174
2247,1.41265
2248,1.41371
2249,1.41321
2250,1.41126
2251,1.41142
2252,1.41159
2253,1.4123
2254,1.41463
2255,1.41414
2256,1.41474
2257,1.41397
2258,1.41392
2259,1.4131
2260,1.41185
2261,1.41028
2262,1.41074
2263,1.41148
2264,1.41171
2265,1.4118
2266,1.4089
2267,1.40819
2268,1.40984
2269,1.4104
2270,1.40875
2271,1.40916
2272,1.4096
2273,1.41129
2274,1.41108
2275,1.41189
2276,1.4133
2277,1.41348
2278,1.41391
2279,1.40996
2280,1.41162
2281,1.41266
2282,1.41354
2283,1.41436
2284,1.41659
2285,1.41777
2286,1.41564
2287,1.41554
2288,1.41652
2289,1.41615
2290,1.42154
2291,1.4218
2292,1.42254
2293,1.42133
2294,1.42314
2295,1.42304
2296,1.42176
2297,1.42124
2298,1.421
2299,1.42292
2300,1.42183
2301,1.42188
2302,1.42255
2303,1.42307
2304,1.42272
2305,1.42239
2306,1.42103
2307,1.42066
2308,1.42044
2309,1.42095
2310,1.42069
2311,1.42025
2312,1.42108
2313,1.41887
2314,1.42142
2315,1.42151
2316,1.42239
2317,1.42083
2318,1.42224
2319,1.42299
2320,1.42423
2321,1.4227
2322,1.41945
2323,1.41793
2324,1.4182
2325,1.41943
2326,1.41981
2327,1.42246
2328,1.42137
2329,1.42165
2330,1.41969
2331,1.41858
2332,1.41913
2333,1.41927
2334,1.41951
2335,1.41902
2336,1.41998
2337,1.42006
2338,1.41808
2339,1.41962
2340,1.41918
2341,1.41903
2342,1.42116
2343,1.41823
2344,1.41826
2345,1.42076
2346,1.42194
2347,1.42349
2348,1.42369
2349,1.42261
2350,1.42127
2351,1.42187
2352,1.42059
2353,1.42042
2354,1.42027
2355,1.42237
2356,1.42225
2357,1.42318
2358,1.42319
2359,1.42402
2360,1.42376
2361,1.42445
2362,1.42342
2363,1.42359
2364,1.4226
2365,1.42081
2366,1.42158
2367,1.42227
2368,1.42229
2369,1.42473
2370,1.42654
2371,1.42451
2372,1.41982
2373,1.42032
2374,1.41945
2375,1.41432
2376,1.41513
2377,1.41598
2378,1.41618
2379,1.41475
2380,1.41526
2381,1.41468
2382,1.41607
2383,1.41568
2384,1.4179
2385,1.41983
2386,1.42119
2387,1.42089
2388,1.42135
2389,1.42397
2390,1.42412
2391,1.42119
2392,1.42236
2393,1.42005
2394,1.42116
2395,1.4221
2396,1.42324
2397,1.42152
2398,1.42143
2399,1.42297
2400,1.42169
2401,1.41931
2402,1.41958
2403,1.42169
2404,1.42187
2405,1.42316
2406,1.42357
2407,1.42439
2408,1.426
2409,1.4252
2410,1.42462
2411,1.42698
2412,1.42752
2413,1.42869
2414,1.42701
2415,1.42496
2416,1.42215
2417,1.42107
2418,1.42229
2419,1.42274
2420,1.42422
2421,1.42382
2422,1.42302
2423,1.4242
2424,1.42414
2425,1.42447
2426,1.42332
2427,1.42335
2428,1.42257
2429,1.42418
2430,1.42585
2431,1.42788
2432,1.42769
2433,1.42823
2434,1.42659
2435,1.42717
2436,1.42672
2437,1.42276
2438,1.42328
2439,1.42056
2440,1.4177
2441,1.41549
2442,1.4163
2443,1.41616
2444,1.41772
2445,1.41708
2446,1.41664
2447,1.41711
2448,1.41606
2449,1.41458
2450,1.418
2451,1.41813
2452,1.4188
2453,1.41692
2454,1.41778
2455,1.41619
2456,1.41514
2457,1.41615
2458,1.41494
2459,1.41441
2460,1.41362
2461,1.40942
2462,1.40992
2463,1.40892
2464,1.4061
2465,1.40311
2466,1.40317
2467,1.40133
2468,1.40078
2469,1.4034
2470,1.40435
2471,1.40341
2472,1.40248
2473,1.40146
2474,1.40606
2475,1.40668
2476,1.40604
2477,1.40553
2478,1.40497
2479,1.40673
2480,1.40871
2481,1.4048
2482,1.40548
2483,1.40611
2484,1.4065
2485,1.40545
2486,1.40609
2487,1.40393
2488,1.40619
2489,1.4064
2490,1.40699
2491,1.40744
2492,1.40755
2493,1.40647
2494,1.40744
2495,1.40658
2496,1.40713
2497,1.40832
2498,1.40907
2499,1.41155
2500,1.4125
2501,1.41267
2502,1.41328
2503,1.4126
2504,1.41191
2505,1.4114
2506,1.40891
2507,1.41022
2508,1.41325
2509,1.41313
2510,1.4116
2511,1.41313
2512,1.41765
2513,1.42768
2514,1.42422
2515,1.42549
2516,1.42519
2517,1.42516
2518,1.42703
2519,1.42507
2520,1.42866
2521,1.42517
2522,1.4241
2523,1.42484
2524,1.42342
2525,1.42455
2526,1.42342
2527,1.42084
2528,1.42281
2529,1.42744
2530,1.4278
2531,1.42931
2532,1.43182
2533,1.43144
2534,1.43231
2535,1.44163
2536,1.44141
2537,1.44035
2538,1.44231
2539,1.44078
2540,1.44112
2541,1.44122
2542,1.44191
2543,1.44187
2544,1.44083
2545,1.44068
2546,1.44103
2547,1.44106
2548,1.43895
2549,1.43836
2550,1.43912
2551,1.44165
2552,1.4402
2553,1.44095
2554,1.44043
2555,1.43851
2556,1.43775
2557,1.43898
2558,1.44086
2559,1.4396
2560,1.43987
2561,1.4429
2562,1.4392
2563,1.43877
2564,1.43974
2565,1.4407
2566,1.43977
2567,1.43962
2568,1.4415
2569,1.44151
2570,1.44107
2571,1.44178
2572,1.44107
2573,1.4406
2574,1.43832
2575,1.43809
2576,1.43994
2577,1.4391
2578,1.43904
2579,1.43916
2580,1.44165
2581,1.43965
2582,1.43857
2583,1.43855
2584,1.43896
2585,1.44163
2586,1.44237
2587,1.4429
2588,1.44143
2589,1.44035
2590,1.44126
2591,1.4416
2592,1.44095
2593,1.44108
2594,1.44175
2595,1.43951
2596,1.43985
2597,1.44048
2598,1.44047
2599,1.43929
2600,1.44051
2601,1.44016
2602,1.43986
2603,1.43802
2604,1.43815
2605,1.43802
2606,1.43663
2607,1.43643
2608,1.43561
2609,1.43405
2610,1.43404
2611,1.43396
2612,1.43554
2613,1.4346
2614,1.43541
2615,1.43596
2616,1.43705
2617,1.43615
2618,1.43514
2619,1.43575
2620,1.43605
2621,1.43641
2622,1.43515
2623,1.4365
2624,1.4357
2625,1.43604
2626,1.43611
2627,1.43611
2628,1.43566
2629,1.43208
2630,1.42751
2631,1.42065
2632,1.41784
2633,1.41801
2634,1.41832
2635,1.41703
2636,1.41699
2637,1.4181
2638,1.4193
2639,1.41925
2640,1.4201
2641,1.42011
2642,1.4204
2643,1.42017
2644,1.42093
2645,1.42141
2646,1.42059
2647,1.41918
2648,1.41942
2649,1.41936
2650,1.42013
2651,1.4192
2652,1.41761
2653,1.41676
2654,1.41626
2655,1.4142
2656,1.41391
2657,1.41072
2658,1.4131
2659,1.41391
2660,1.4139
2661,1.41454
2662,1.4136
2663,1.41289
2664,1.41476
2665,1.4145
2666,1.41356
2667,1.41417
2668,1.41323
2669,1.41357
2670,1.41647
2671,1.41669
2672,1.41764
2673,1.41541
2674,1.41694
2675,1.41671
2676,1.41295
2677,1.41281
2678,1.41414
2679,1.41399
2680,1.41588
2681,1.415
2682,1.4147
2683,1.41504
2684,1.41492
2685,1.41477
2686,1.41542
2687,1.41502
2688,1.41577
2689,1.41491
2690,1.41354
2691,1.41439
2692,1.41479
2693,1.41356
2694,1.4118
2695,1.41134
2696,1.41143
2697,1.41341
2698,1.41623
2699,1.4143
2700,1.41539
2701,1.41916
2702,1.42119
2703,1.42135
2704,1.42194
2705,1.42198
2706,1.421
2707,1.42107
2708,1.41855
2709,1.42031
2710,1.42015
2711,1.42157
2712,1.42164
2713,1.42193
2714,1.42256
2715,1.422
2716,1.42193
2717,1.42178
2718,1.42374
2719,1.42477
2720,1.42557
2721,1.42706
2722,1.42643
2723,1.4245
2724,1.43016
2725,1.42735
2726,1.42935
2727,1.42888
2728,1.42762
2729,1.42796
2730,1.4264
2731,1.42844
2732,1.42901
2733,1.42771
2734,1.42801
2735,1.42734
2736,1.4292
2737,1.42921
2738,1.42694
2739,1.42689
2740,1.42641
2741,1.42723
2742,1.42686
2743,1.42704
2744,1.42821
2745,1.42769
2746,1.42701
2747,1.42988
2748,1.42682
2749,1.42471
2750,1.42349
2751,1.42151
2752,1.42288
2753,1.41926
2754,1.41701
2755,1.41889
2756,1.41879
2757,1.41887
2758,1.41659
2759,1.41536
2760,1.41574
2761,1.41431
2762,1.41535
2763,1.41487
2764,1.41381
2765,1.41515
2766,1.41239
2767,1.41102
2768,1.41021
2769,1.40586
2770,1.40516
2771,1.40734
2772,1.40694
2773,1.40709
2774,1.4087
2775,1.40823
2776,1.40884
2777,1.40807
2778,1.40823
2779,1.40809
2780,1.40698
2781,1.40811
2782,1.41063
2783,1.41034
2784,1.41167
2785,1.41107
2786,1.41046
2787,1.40994
2788,1.41132
2789,1.41287
2790,1.41263
2791,1.41295
2792,1.41193
2793,1.41151
2794,1.41055
2795,1.40806
2796,1.40817
2797,1.41045
2798,1.41266
2799,1.41222
2800,1.41335
2801,1.41381
2802,1.41271
2803,1.41348
2804,1.41308
2805,1.41281
2806,1.41659
2807,1.41553
2808,1.41327
2809,1.41408
2810,1.41403
2811,1.41536
2812,1.41172
2813,1.41028
2814,1.40962
2815,1.40982
2816,1.41033
2817,1.41031
2818,1.4126
2819,1.41123
2820,1.41484
2821,1.4216
2822,1.42614
2823,1.4253
2824,1.42551
2825,1.42403
2826,1.42336
2827,1.42229
2828,1.42344
2829,1.42236
2830,1.42485
2831,1.42213
2832,1.42301
2833,1.42094
2834,1.42226
2835,1.42175
2836,1.42338
2837,1.42148
2838,1.42208
2839,1.42343
2840,1.42319
2841,1.42239
2842,1.42368
2843,1.42275
2844,1.42316
2845,1.42353
2846,1.4234
2847,1.42351
2848,1.42497
2849,1.42542
2850,1.42567
2851,1.42531
2852,1.42451
2853,1.42531
2854,1.42536
2855,1.42418
2856,1.42429
2857,1.42574
2858,1.42241
2859,1.42135
2860,1.42308
2861,1.42429
2862,1.4295
2863,1.42969
2864,1.4308
2865,1.43264
2866,1.43356
2867,1.43284
2868,1.43308
2869,1.43011
2870,1.43038
2871,1.43202
2872,1.43261
2873,1.43356
2874,1.43353
2875,1.43437
2876,1.43373
2877,1.43391
2878,1.43456
2879,1.43445
2880,1.43361
2881,1.43353
2882,1.43338
2883,1.43302
2884,1.42948
2885,1.42973
2886,1.42976
2887,1.43013
2888,1.43079
2889,1.43275
2890,1.43295
2891,1.43337
2892,1.43189
2893,1.43187
2894,1.43264
2895,1.42998
2896,1.42884
2897,1.42934
2898,1.43029
2899,1.42975
2900,1.42878
2901,1.4292
2902,1.42821
2903,1.42872
2904,1.42902
2905,1.43006
2906,1.43021
2907,1.42877
2908,1.42635
2909,1.42709
2910,1.42769
2911,1.4294
2912,1.42864
2913,1.43327
2914,1.43404
2915,1.43461
2916,1.43283
2917,1.43288
2918,1.43206
2919,1.43071
2920,1.43087
2921,1.43122
2922,1.42957
2923,1.42983
2924,1.43012
2925,1.42825
2926,1.42917
2927,1.42966
2928,1.43039
2929,1.43011
2930,1.42945
2931,1.43151
2932,1.43099
2933,1.43385
2934,1.43196
2935,1.4319
2936,1.42967
2937,1.4278
2938,1.42783
2939,1.42162
2940,1.42304
2941,1.42294
2942,1.42389
2943,1.42356
2944,1.42394
2945,1.42542
2946,1.42541
2947,1.42407
2948,1.42461
2949,1.42361
2950,1.42263
2951,1.4237
2952,1.42509
2953,1.42424
2954,1.42498
2955,1.42458
2956,1.42568
2957,1.4242
2958,1.4246
2959,1.42654
2960,1.4255
2961,1.42774
2962,1.42561
2963,1.42302
2964,1.42257
2965,1.42713
2966,1.42665
2967,1.42748
2968,1.43698
2969,1.43572
2970,1.4341
2971,1.43481
2972,1.43489
2973,1.43692
2974,1.4364
2975,1.43658
2976,1.43609
2977,1.43556
2978,1.43619
2979,1.43593
2980,1.4329
2981,1.43313
2982,1.43562
2983,1.43516
2984,1.43543
2985,1.43697
2986,1.4353
2987,1.43736
2988,1.43734
2989,1.43563
2990,1.43268
2991,1.43433
2992,1.42862
2993,1.42997
2994,1.43076
2995,1.42839
2996,1.43029
2997,1.43115
2998,1.43063
2999,1.42912
3000,1.42871
3001,1.42809
3002,1.42822
3003,1.42623
3004,1.42799
3005,1.429
3006,1.42911
3007,1.42777
3008,1.42752
3009,1.42886
3010,1.42906
3011,1.43496
3012,1.43525
3013,1.43415
3014,1.43444
3015,1.43294
3016,1.43361
3017,1.43328
3018,1.4331
3019,1.4336
3020,1.4335
3021,1.432
3022,1.4334
3023,1.4333
3024,1.4354
3025,1.4349
3026,1.4357
3027,1.4363
3028,1.4366
3029,1.435
3030,1.4334
3031,1.4287
3032,1.4309
3033,1.4302
3034,1.4323
3035,1.4303
3036,1.4233
3037,1.4231
3038,1.4208
3039,1.4211
3040,1.4216
3041,1.4222
3042,1.4219
3043,1.4217
3044,1.4208
3045,1.4196
3046,1.4213
3047,1.4209
3048,1.4212
3049,1.4212
3050,1.4224
3051,1.4241
3052,1.4212
3053,1.4227
3054,1.4226
3055,1.4222
3056,1.4216
3057,1.421
3058,1.4212
3059,1.4237
3060,1.4244
3061,1.4288
3062,1.4279
3063,1.427
3064,1.4271
3065,1.4263
3066,1.426
3067,1.4271
3068,1.4272
3069,1.426
3070,1.4263
3071,1.4276
3072,1.4273
3073,1.4274
3074,1.4272
3075,1.4303
3076,1.4294
3077,1.4302
3078,1.4301
3079,1.4302
3080,1.4325
3081,1.4289
3082,1.4278
3083,1.4257
3084,1.4276
3085,1.4259
3086,1.4257
3087,1.4248
3088,1.4251
3089,1.425
3090,1.4257
3091,1.4257
3092,1.4254
3093,1.425
3094,1.4247
3095,1.4243
3096,1.425
3097,1.4254
3098,1.4266
3099,1.4287
3100,1.4271
3101,1.428
3102,1.4263
3103,1.4262
3104,1.4262
3105,1.4218
3106,1.4207
3107,1.4232
3108,1.4277
3109,1.4306
3110,1.431
3111,1.4308
3112,1.4302
3113,1.4305
3114,1.4314
3115,1.432
3116,1.4324
3117,1.4323
3118,1.4328
3119,1.4331
3120,1.4334
3121,1.432
3122,1.4335
3123,1.4345
3124,1.4342
3125,1.435
3126,1.4344
3127,1.4333
3128,1.4331
3129,1.4334
3130,1.4335
3131,1.4337
3132,1.4334
3133,1.4329
3134,1.4336
3135,1.4341
3136,1.4331
3137,1.4337
3138,1.4335
3139,1.4333
3140,1.4339
3141,1.4332
3142,1.4337
3143,1.434
3144,1.4333
3145,1.4346
3146,1.4387
3147,1.4414
3148,1.4421
3149,1.4466
3150,1.4476
3151,1.4478
3152,1.4495
3153,1.4476
3154,1.4513
3155,1.4496
3156,1.4518
3157,1.4517
3158,1.4488
3159,1.4498
3160,1.4477
3161,1.4493
3162,1.4499
3163,1.45
3164,1.4505
3165,1.4505
3166,1.4493
3167,1.4481
3168,1.4484
3169,1.4497
3170,1.4483
3171,1.4484
3172,1.4495
3173,1.4495
3174,1.4493
3175,1.4522
3176,1.455
3177,1.4573
3178,1.458
3179,1.457
3180,1.4571
3181,1.4547
3182,1.4542
3183,1.4551
3184,1.4557
3185,1.4563
3186,1.4552
3187,1.4549
3188,1.4556
3189,1.4554
3190,1.4559
3191,1.4573
3192,1.4576
3193,1.4582
3194,1.457
3195,1.457
3196,1.455
3197,1.4537
3198,1.4539
3199,1.456
3200,1.4573
3201,1.4534
3202,1.4563
3203,1.4565
3204,1.459
3205,1.4601
3206,1.4582
3207,1.4585
3208,1.4582
3209,1.458
3210,1.458
3211,1.4579
3212,1.4572
3213,1.4578
3214,1.4603
3215,1.4604
3216,1.4611
3217,1.4619
3218,1.46
3219,1.4606
3220,1.4582
3221,1.4588
3222,1.4606
3223,1.4609
3224,1.4585
3225,1.4607
3226,1.4613
3227,1.4585
3228,1.4575
3229,1.4573
3230,1.4593
3231,1.4582
3232,1.4597
3233,1.45817
3234,1.4576
3235,1.45381
3236,1.45342
3237,1.45426
3238,1.45447
3239,1.45456
3240,1.4526
3241,1.45472
3242,1.45649
3243,1.45467
3244,1.45353
3245,1.45437
3246,1.45632
3247,1.45615
3248,1.46235
3249,1.46302
3250,1.46119
3251,1.46224
3252,1.4601
3253,1.46137
3254,1.46202
3255,1.46172
3256,1.46278
3257,1.46286
3258,1.46392
3259,1.46263
3260,1.4619
3261,1.46128
3262,1.46199
3263,1.46206
3264,1.46287
3265,1.46149
3266,1.45992
3267,1.46072
3268,1.45893
3269,1.46083
3270,1.46046
3271,1.45795
3272,1.45943
3273,1.45979
3274,1.46169
3275,1.46362
3276,1.46789
3277,1.46577
3278,1.46745
3279,1.4657
3280,1.466
3281,1.4663
3282,1.46697
3283,1.46785
3284,1.4668
3285,1.46649
3286,1.46808
3287,1.46693
3288,1.46793
3289,1.46885
3290,1.47036
3291,1.47037
3292,1.46862
3293,1.4677
3294,1.46743
3295,1.46851
3296,1.46615
3297,1.46863
3298,1.46964
3299,1.47006
3300,1.47174
3301,1.47218
3302,1.473
3303,1.47087
3304,1.47069
3305,1.47041
3306,1.47075
3307,1.47104
3308,1.47144
3309,1.47241
3310,1.47267
3311,1.47266
3312,1.47373
3313,1.47476
3314,1.47422
3315,1.47331
3316,1.4744
3317,1.4726
3318,1.47104
3319,1.47051
3320,1.47397
3321,1.4743
3322,1.47341
3323,1.4715
3324,1.47233
3325,1.47488
3326,1.47313
3327,1.47399
3328,1.47431
3329,1.47397
3330,1.4731
3331,1.47256
3332,1.46987
3333,1.47025
3334,1.47169
3335,1.47227
3336,1.47257
3337,1.46981
3338,1.46655
3339,1.46812
3340,1.47049
3341,1.47089
3342,1.47093
3343,1.47103
3344,1.47084
3345,1.47204
3346,1.47029
3347,1.47234
3348,1.47134
3349,1.47201
3350,1.47018
3351,1.46953
3352,1.46995
3353,1.47028
3354,1.47033
3355,1.4703
3356,1.46917
3357,1.46824
3358,1.46848
3359,1.46639
3360,1.46653
3361,1.46507
3362,1.46622
3363,1.46582
3364,1.46597
3365,1.46663
3366,1.46262
3367,1.46516
3368,1.46554
3369,1.46903
3370,1.46766
3371,1.46819
3372,1.46757
3373,1.46751
3374,1.46789
3375,1.46793
3376,1.46848
3377,1.4682
3378,1.47006
3379,1.47068
3380,1.47178
3381,1.47159
3382,1.47139
3383,1.47129
3384,1.47391
3385,1.47784
3386,1.47849
3387,1.48055
3388,1.47953
3389,1.47834
3390,1.4794
3391,1.47847
3392,1.47912
3393,1.47939
3394,1.47798
3395,1.47883
3396,1.47903
3397,1.47985
3398,1.47892
3399,1.47889
3400,1.47955
3401,1.48082
3402,1.47936
3403,1.48052
3404,1.48164
3405,1.48089
3406,1.48139
3407,1.48114
3408,1.47859
3409,1.48032
3410,1.47931
3411,1.47784
3412,1.4771
3413,1.47854
3414,1.4782
3415,1.47653
3416,1.47797
3417,1.47506
3418,1.47741
3419,1.47858
3420,1.47966
3421,1.47419
3422,1.47344
3423,1.46886
3424,1.47109
3425,1.47284
3426,1.47506
3427,1.47401
3428,1.47252
3429,1.47221
3430,1.47217
3431,1.47259
3432,1.47632
3433,1.4763
3434,1.47585
3435,1.47814
3436,1.47667
3437,1.47859
3438,1.47911
3439,1.47515
3440,1.4707
3441,1.46947
3442,1.46833
3443,1.46386
3444,1.4653
3445,1.46552
3446,1.46632
3447,1.46608
3448,1.46546
3449,1.46496
3450,1.46274
3451,1.46334
3452,1.46561
3453,1.46558
3454,1.46782
3455,1.46931
3456,1.46884
3457,1.46831
3458,1.46857
3459,1.46922
3460,1.46936
3461,1.46765
3462,1.46432
3463,1.46795
3464,1.46902
3465,1.46811
3466,1.4676
3467,1.46682
3468,1.46626
3469,1.46684
3470,1.47011
3471,1.47031
3472,1.47075
3473,1.46443
3474,1.45851
3475,1.45864
3476,1.45778
3477,1.45908
3478,1.45916
3479,1.46279
3480,1.46071
3481,1.46279
3482,1.46335
3483,1.46288
3484,1.46418
3485,1.46445
3486,1.46514
3487,1.46289
3488,1.46483
3489,1.4616
3490,1.46136
3491,1.45903
3492,1.46044
3493,1.46217
3494,1.46132
3495,1.46277
3496,1.46213
3497,1.45936
3498,1.46129
3499,1.46191
3500,1.46258
3501,1.46334
3502,1.46296
3503,1.4629
3504,1.45776
3505,1.45902
3506,1.45689
3507,1.45577
3508,1.45491
3509,1.45583
3510,1.45367
3511,1.45436
3512,1.45519
3513,1.45798
3514,1.4581
3515,1.45685
3516,1.45708
3517,1.45874
3518,1.45838
3519,1.45842
3520,1.45929
3521,1.45983
3522,1.46228
3523,1.463
3524,1.46203
3525,1.46241
3526,1.4632
3527,1.4619
3528,1.46033
3529,1.46306
3530,1.46651
3531,1.46634
3532,1.46418
3533,1.46039
3534,1.45988
3535,1.46153
3536,1.46286
3537,1.46428
3538,1.46403
3539,1.4645
3540,1.46324
3541,1.46409
3542,1.46367
3543,1.46398
3544,1.46535
3545,1.46508
3546,1.46412
3547,1.46357
3548,1.46244
3549,1.46136
3550,1.45594
3551,1.45708
3552,1.45921
3553,1.45777
3554,1.45704
3555,1.45468
3556,1.45461
3557,1.45667
3558,1.45728
3559,1.45586
3560,1.45303
3561,1.45479
3562,1.45344
3563,1.45353
3564,1.45182
3565,1.45443
3566,1.45416
3567,1.45411
3568,1.45142
3569,1.45151
3570,1.45374
3571,1.45384
3572,1.45429
3573,1.45404
3574,1.45476
3575,1.45295
3576,1.45418
3577,1.45508
3578,1.45474
3579,1.45355
3580,1.45311
3581,1.45176
3582,1.46095
3583,1.46062
3584,1.4587
3585,1.45924
3586,1.46055
3587,1.45863
3588,1.45684
3589,1.45883
3590,1.46063
3591,1.45963
3592,1.46219
3593,1.46345
3594,1.46432
3595,1.46322
3596,1.4638
3597,1.46318
3598,1.46328
3599,1.46198
3600,1.46148